metric,t_test_p,mannwhitney_p
episode_energy_total_Wh,0.025960624681721462,0.0017062493689195964
avg_power_total_W,0.041394841173192656,0.0022022199424970783
efficiency,0.04139484117319322,0.0022022199424970783
