run_id,episode_id,episode_start_ros_time_s,episode_end_ros_time_s,episode_total_time_s,episode_energy_total_Wh,episode_energy_system_Wh,episode_energy_fpga_Wh,search_energy_total_Wh,approach_energy_total_Wh,search_time_total_s,approach_time_total_s,avg_power_total_W,avg_power_system_W,avg_power_fpga_W,E_total_p0_ph0_Wh,E_total_p0_ph1_Wh,E_total_p0_ph2_Wh,E_total_p0_ph3_Wh,E_total_p1_ph0_Wh,E_total_p1_ph1_Wh,E_total_p1_ph2_Wh,E_total_p1_ph3_Wh,E_total_p2_ph0_Wh,E_total_p2_ph1_Wh,E_total_p2_ph2_Wh,E_total_p2_ph3_Wh,E_system_p0_ph0_Wh,E_system_p0_ph1_Wh,E_system_p0_ph2_Wh,E_system_p0_ph3_Wh,E_system_p1_ph0_Wh,E_system_p1_ph1_Wh,E_system_p1_ph2_Wh,E_system_p1_ph3_Wh,E_system_p2_ph0_Wh,E_system_p2_ph1_Wh,E_system_p2_ph2_Wh,E_system_p2_ph3_Wh,E_fpga_p0_ph0_Wh,E_fpga_p0_ph1_Wh,E_fpga_p0_ph2_Wh,E_fpga_p0_ph3_Wh,E_fpga_p1_ph0_Wh,E_fpga_p1_ph1_Wh,E_fpga_p1_ph2_Wh,E_fpga_p1_ph3_Wh,E_fpga_p2_ph0_Wh,E_fpga_p2_ph1_Wh,E_fpga_p2_ph2_Wh,E_fpga_p2_ph3_Wh,time_p0_ph0_s,time_p0_ph1_s,time_p0_ph2_s,time_p0_ph3_s,time_p1_ph0_s,time_p1_ph1_s,time_p1_ph2_s,time_p1_ph3_s,time_p2_ph0_s,time_p2_ph1_s,time_p2_ph2_s,time_p2_ph3_s
9cfab711-23ec-4cfc-9b0f-c9fc8948ecec,0,1778175564.384723,1778176165.8314576,601.4467346668243,1.4854013094777623,1.2684361714721413,0.21696513800562142,0.2347627348376177,1.136246952964373,94.54605984687805,456.1991243362427,8.890969733308468,7.5923102647307275,1.2986594685777433,0.0,0.16503935839535444,0.014706427005268034,0.21008736634970923,0.11675168992773403,0.19114299495138556,0.052562092057543516,0.5699772332679238,0.0507425258470721,0.0,0.0,0.0,0.0,0.1404810632036836,0.012692476803535104,0.17889320142943954,0.0996901476927922,0.16336088333223592,0.04491295507274696,0.4876919674017113,0.0431319751114287,0.0,0.0,0.0,0.0,0.02455829519167085,0.0020139502017329255,0.0311941649202697,0.017061542234941825,0.027782111619149754,0.007649136984796522,0.08228526586621221,0.007610550735643371,0.0,0.0,0.0,0.0,67.44350099563599,5.524940252304077,85.7518322467804,46.996286392211914,76.5060646533966,21.02831482887268,226.4977264404297,20.99651837348938,0.0,0.0,0.0
